doc_id,doc_type,quality_tier,should_reject,expected_fields
DOC_001,invoice,clean,False,"{""invoice_number"": ""INV-10001"", ""vendor_name"": ""Vanguard Chemical Solutions"", ""invoice_date"": ""2026-02-01"", ""total_amount"": 1315.54, ""tax_amount"": 100.26, ""currency"": ""EUR"", ""line_items_count"": 5}"
DOC_002,invoice,clean,False,"{""invoice_number"": ""INV-10002"", ""vendor_name"": ""Horizon Media Works"", ""invoice_date"": ""2026-02-22"", ""total_amount"": 2942.93, ""tax_amount"": 224.29, ""currency"": ""USD"", ""line_items_count"": 2}"
DOC_003,invoice,clean,False,"{""invoice_number"": ""INV-10003"", ""vendor_name"": ""Acme Industrial Supply LLC"", ""invoice_date"": ""2026-02-07"", ""total_amount"": 2542.03, ""tax_amount"": 193.73, ""currency"": ""USD"", ""line_items_count"": 4}"
DOC_004,invoice,clean,False,"{""invoice_number"": ""INV-10004"", ""vendor_name"": ""Beacon Electronics Group"", ""invoice_date"": ""2026-04-23"", ""total_amount"": 1200.41, ""tax_amount"": 91.49, ""currency"": ""GBP"", ""line_items_count"": 7}"
DOC_005,invoice,clean,False,"{""invoice_number"": ""INV-10005"", ""vendor_name"": ""Pinnacle Security Systems"", ""invoice_date"": ""2026-01-25"", ""total_amount"": 3449.83, ""tax_amount"": 262.92, ""currency"": ""GBP"", ""line_items_count"": 3}"
DOC_006,invoice,clean,False,"{""invoice_number"": ""INV-10006"", ""vendor_name"": ""Prime Office Solutions"", ""invoice_date"": ""2026-03-07"", ""total_amount"": 643.67, ""tax_amount"": 49.06, ""currency"": ""CAD"", ""line_items_count"": 6}"
DOC_007,invoice,clean,False,"{""invoice_number"": ""INV-10007"", ""vendor_name"": ""Apex Cloud Technologies Inc."", ""invoice_date"": ""2026-06-28"", ""total_amount"": 3005.25, ""tax_amount"": 229.04, ""currency"": ""USD"", ""line_items_count"": 6}"
DOC_008,invoice,clean,False,"{""invoice_number"": ""INV-10008"", ""vendor_name"": ""Horizon Media Works"", ""invoice_date"": ""2026-08-18"", ""total_amount"": 4744.65, ""tax_amount"": 361.6, ""currency"": ""CAD"", ""line_items_count"": 2}"
DOC_009,invoice,clean,False,"{""invoice_number"": ""INV-10009"", ""vendor_name"": ""Apex Cloud Technologies Inc."", ""invoice_date"": ""2026-05-27"", ""total_amount"": 2881.05, ""tax_amount"": 219.57, ""currency"": ""USD"", ""line_items_count"": 6}"
DOC_010,invoice,clean,False,"{""invoice_number"": ""INV-10010"", ""vendor_name"": ""Acme Industrial Supply LLC"", ""invoice_date"": ""2026-04-25"", ""total_amount"": 4801.66, ""tax_amount"": 365.95, ""currency"": ""EUR"", ""line_items_count"": 5}"
DOC_011,invoice,clean,False,"{""invoice_number"": ""INV-10011"", ""vendor_name"": ""Omni Health Supplies"", ""invoice_date"": ""2026-02-13"", ""total_amount"": 2297.42, ""tax_amount"": 175.09, ""currency"": ""GBP"", ""line_items_count"": 5}"
DOC_012,invoice,clean,False,"{""invoice_number"": ""INV-10012"", ""vendor_name"": ""Global Logistics Corp"", ""invoice_date"": ""2026-06-12"", ""total_amount"": 3318.14, ""tax_amount"": 252.88, ""currency"": ""USD"", ""line_items_count"": 4}"
DOC_013,invoice,clean,False,"{""invoice_number"": ""INV-10013"", ""vendor_name"": ""Summit Enterprise Hardware"", ""invoice_date"": ""2026-03-18"", ""total_amount"": 931.82, ""tax_amount"": 71.02, ""currency"": ""CAD"", ""line_items_count"": 4}"
DOC_014,invoice,clean,False,"{""invoice_number"": ""INV-10014"", ""vendor_name"": ""Prime Office Solutions"", ""invoice_date"": ""2026-04-22"", ""total_amount"": 4131.26, ""tax_amount"": 314.85, ""currency"": ""USD"", ""line_items_count"": 6}"
DOC_015,invoice,clean,False,"{""invoice_number"": ""INV-10015"", ""vendor_name"": ""NextGen Semiconductor Ltd"", ""invoice_date"": ""2026-01-26"", ""total_amount"": 2051.41, ""tax_amount"": 156.34, ""currency"": ""USD"", ""line_items_count"": 6}"
DOC_016,invoice,clean,False,"{""invoice_number"": ""INV-10016"", ""vendor_name"": ""NextGen Semiconductor Ltd"", ""invoice_date"": ""2026-06-07"", ""total_amount"": 2025.36, ""tax_amount"": 154.36, ""currency"": ""CAD"", ""line_items_count"": 8}"
DOC_017,invoice,clean,False,"{""invoice_number"": ""INV-10017"", ""vendor_name"": ""Global Logistics Corp"", ""invoice_date"": ""2026-05-05"", ""total_amount"": 3670.43, ""tax_amount"": 279.73, ""currency"": ""GBP"", ""line_items_count"": 4}"
DOC_018,invoice,clean,False,"{""invoice_number"": ""INV-10018"", ""vendor_name"": ""Horizon Media Works"", ""invoice_date"": ""2026-07-19"", ""total_amount"": 1866.97, ""tax_amount"": 142.29, ""currency"": ""EUR"", ""line_items_count"": 7}"
DOC_019,invoice,clean,False,"{""invoice_number"": ""INV-10019"", ""vendor_name"": ""Beacon Electronics Group"", ""invoice_date"": ""2026-08-03"", ""total_amount"": 4217.2, ""tax_amount"": 321.4, ""currency"": ""EUR"", ""line_items_count"": 1}"
DOC_020,invoice,clean,False,"{""invoice_number"": ""INV-10020"", ""vendor_name"": ""Vanguard Chemical Solutions"", ""invoice_date"": ""2026-03-26"", ""total_amount"": 2970.79, ""tax_amount"": 226.41, ""currency"": ""CAD"", ""line_items_count"": 7}"
DOC_021,invoice,clean,False,"{""invoice_number"": ""INV-10021"", ""vendor_name"": ""Quantum Data Systems"", ""invoice_date"": ""2026-08-17"", ""total_amount"": 4735.06, ""tax_amount"": 360.87, ""currency"": ""USD"", ""line_items_count"": 5}"
DOC_022,invoice,clean,False,"{""invoice_number"": ""INV-10022"", ""vendor_name"": ""Vanguard Chemical Solutions"", ""invoice_date"": ""2026-02-22"", ""total_amount"": 3781.61, ""tax_amount"": 288.21, ""currency"": ""GBP"", ""line_items_count"": 5}"
DOC_023,invoice,clean,False,"{""invoice_number"": ""INV-10023"", ""vendor_name"": ""Apex Cloud Technologies Inc."", ""invoice_date"": ""2026-05-14"", ""total_amount"": 2298.91, ""tax_amount"": 175.21, ""currency"": ""GBP"", ""line_items_count"": 3}"
DOC_024,invoice,clean,False,"{""invoice_number"": ""INV-10024"", ""vendor_name"": ""Beacon Electronics Group"", ""invoice_date"": ""2026-03-17"", ""total_amount"": 4261.54, ""tax_amount"": 324.78, ""currency"": ""GBP"", ""line_items_count"": 2}"
DOC_025,invoice,degraded,False,"{""invoice_number"": ""INV-10025"", ""vendor_name"": ""Omni Health Supplies"", ""invoice_date"": ""2026-04-05"", ""total_amount"": 3752.94, ""tax_amount"": 286.02, ""currency"": ""USD"", ""line_items_count"": 6}"
DOC_026,invoice,degraded,False,"{""invoice_number"": ""INV-10026"", ""vendor_name"": ""Summit Enterprise Hardware"", ""invoice_date"": ""2026-06-16"", ""total_amount"": 689.14, ""tax_amount"": 52.52, ""currency"": ""GBP"", ""line_items_count"": 1}"
DOC_027,invoice,degraded,False,"{""invoice_number"": ""INV-10027"", ""vendor_name"": ""Sterling Automotive Parts"", ""invoice_date"": ""2026-05-08"", ""total_amount"": 1296.61, ""tax_amount"": 98.82, ""currency"": ""USD"", ""line_items_count"": 1}"
DOC_028,invoice,degraded,False,"{""invoice_number"": ""INV-10028"", ""vendor_name"": ""Apex Cloud Technologies Inc."", ""invoice_date"": ""2026-08-27"", ""total_amount"": 4767.58, ""tax_amount"": 363.35, ""currency"": ""EUR"", ""line_items_count"": 2}"
DOC_029,invoice,degraded,False,"{""invoice_number"": ""INV-10029"", ""vendor_name"": ""Global Logistics Corp"", ""invoice_date"": ""2026-08-18"", ""total_amount"": 1410.5, ""tax_amount"": 107.5, ""currency"": ""CAD"", ""line_items_count"": 3}"
DOC_030,invoice,degraded,False,"{""invoice_number"": ""INV-10030"", ""vendor_name"": ""NextGen Semiconductor Ltd"", ""invoice_date"": ""2026-04-23"", ""total_amount"": 2041.18, ""tax_amount"": 155.56, ""currency"": ""GBP"", ""line_items_count"": 5}"
DOC_031,invoice,degraded,False,"{""invoice_number"": ""INV-10031"", ""vendor_name"": ""Atlas Packaging & Materials"", ""invoice_date"": ""2026-08-04"", ""total_amount"": 1220.44, ""tax_amount"": 93.01, ""currency"": ""GBP"", ""line_items_count"": 4}"
DOC_032,invoice,degraded,False,"{""invoice_number"": ""INV-10032"", ""vendor_name"": ""Acme Industrial Supply LLC"", ""invoice_date"": ""2026-04-19"", ""total_amount"": 196.24, ""tax_amount"": 14.96, ""currency"": ""USD"", ""line_items_count"": 4}"
DOC_033,invoice,handwritten,False,"{""invoice_number"": ""INV-10033"", ""vendor_name"": ""NextGen Semiconductor Ltd"", ""invoice_date"": ""2026-02-02"", ""total_amount"": 496.03, ""tax_amount"": 37.8, ""currency"": ""EUR"", ""line_items_count"": 6}"
DOC_034,invoice,handwritten,False,"{""invoice_number"": ""INV-10034"", ""vendor_name"": ""Prime Office Solutions"", ""invoice_date"": ""2026-08-07"", ""total_amount"": 3568.55, ""tax_amount"": 271.97, ""currency"": ""CAD"", ""line_items_count"": 3}"
DOC_035,invoice,handwritten,False,"{""invoice_number"": ""INV-10035"", ""vendor_name"": ""NextGen Semiconductor Ltd"", ""invoice_date"": ""2026-08-26"", ""total_amount"": 1058.99, ""tax_amount"": 80.71, ""currency"": ""USD"", ""line_items_count"": 7}"
DOC_036,invoice,handwritten,False,"{""invoice_number"": ""INV-10036"", ""vendor_name"": ""Vanguard Chemical Solutions"", ""invoice_date"": ""2026-07-12"", ""total_amount"": 2098.2, ""tax_amount"": 159.91, ""currency"": ""USD"", ""line_items_count"": 7}"
DOC_037,invoice,unreadable,True,
DOC_038,invoice,unreadable,True,
DOC_039,invoice,unreadable,True,
DOC_040,invoice,unreadable,True,
DOC_041,insurance_claim,clean,False,"{""claim_id"": ""CLM-1041"", ""policy_number"": ""POL-806073"", ""patient_name"": ""Danielle Dubois"", ""hospital_name"": ""Stanford Health Pavilion"", ""admission_date"": ""2026-02-02"", ""claim_amount"": 6338.01, ""diagnosis_code"": ""F41.1""}"
DOC_042,insurance_claim,clean,False,"{""claim_id"": ""CLM-1042"", ""policy_number"": ""POL-939482"", ""patient_name"": ""Michael Chang"", ""hospital_name"": ""Memorial Sloan Care Center"", ""admission_date"": ""2026-04-07"", ""claim_amount"": 8276.14, ""diagnosis_code"": ""I10""}"
DOC_043,insurance_claim,clean,False,"{""claim_id"": ""CLM-1043"", ""policy_number"": ""POL-542374"", ""patient_name"": ""Emily Rodriguez"", ""hospital_name"": ""Cedars Sinai Regional Hospital"", ""admission_date"": ""2026-08-08"", ""claim_amount"": 13180.05, ""diagnosis_code"": ""E11.9""}"
DOC_044,insurance_claim,clean,False,"{""claim_id"": ""CLM-1044"", ""policy_number"": ""POL-564656"", ""patient_name"": ""Priya Patel"", ""hospital_name"": ""Saint Jude Medical Center"", ""admission_date"": ""2026-01-21"", ""claim_amount"": 14989.6, ""diagnosis_code"": ""M54.5""}"
DOC_045,insurance_claim,clean,False,"{""claim_id"": ""CLM-1045"", ""policy_number"": ""POL-197793"", ""patient_name"": ""David K. Miller"", ""hospital_name"": ""Presbyterian Health Clinic"", ""admission_date"": ""2026-07-16"", ""claim_amount"": 7479.7, ""diagnosis_code"": ""S83.511A""}"
DOC_046,insurance_claim,clean,False,"{""claim_id"": ""CLM-1046"", ""policy_number"": ""POL-161483"", ""patient_name"": ""Emily Rodriguez"", ""hospital_name"": ""Cleveland Clinic Foundation"", ""admission_date"": ""2026-01-13"", ""claim_amount"": 4345.44, ""diagnosis_code"": ""N39.0""}"
DOC_047,insurance_claim,clean,False,"{""claim_id"": ""CLM-1047"", ""policy_number"": ""POL-399105"", ""patient_name"": ""Amanda L. Vance"", ""hospital_name"": ""Vanderbilt University Medical"", ""admission_date"": ""2026-08-05"", ""claim_amount"": 3253.52, ""diagnosis_code"": ""J45.909""}"
DOC_048,insurance_claim,clean,False,"{""claim_id"": ""CLM-1048"", ""policy_number"": ""POL-161324"", ""patient_name"": ""Marcus Thorne"", ""hospital_name"": ""Vanderbilt University Medical"", ""admission_date"": ""2026-01-24"", ""claim_amount"": 5047.27, ""diagnosis_code"": ""M54.5""}"
DOC_049,insurance_claim,clean,False,"{""claim_id"": ""CLM-1049"", ""policy_number"": ""POL-712554"", ""patient_name"": ""James O'Connor"", ""hospital_name"": ""Johns Hopkins Community Hospital"", ""admission_date"": ""2026-03-02"", ""claim_amount"": 14431.29, ""diagnosis_code"": ""E11.9""}"
DOC_050,insurance_claim,clean,False,"{""claim_id"": ""CLM-1050"", ""policy_number"": ""POL-992697"", ""patient_name"": ""Emily Rodriguez"", ""hospital_name"": ""Saint Jude Medical Center"", ""admission_date"": ""2026-02-22"", ""claim_amount"": 12996.38, ""diagnosis_code"": ""S83.511A""}"
DOC_051,insurance_claim,clean,False,"{""claim_id"": ""CLM-1051"", ""policy_number"": ""POL-225710"", ""patient_name"": ""Marcus Thorne"", ""hospital_name"": ""Memorial Sloan Care Center"", ""admission_date"": ""2026-01-20"", ""claim_amount"": 1688.76, ""diagnosis_code"": ""Z00.00""}"
DOC_052,insurance_claim,clean,False,"{""claim_id"": ""CLM-1052"", ""policy_number"": ""POL-692683"", ""patient_name"": ""Priya Patel"", ""hospital_name"": ""Northwestern Medical Center"", ""admission_date"": ""2026-05-07"", ""claim_amount"": 10211.03, ""diagnosis_code"": ""F41.1""}"
DOC_053,insurance_claim,clean,False,"{""claim_id"": ""CLM-1053"", ""policy_number"": ""POL-350280"", ""patient_name"": ""Jessica Alpert"", ""hospital_name"": ""Cleveland Clinic Foundation"", ""admission_date"": ""2026-03-22"", ""claim_amount"": 9859.76, ""diagnosis_code"": ""N39.0""}"
DOC_054,insurance_claim,clean,False,"{""claim_id"": ""CLM-1054"", ""policy_number"": ""POL-431535"", ""patient_name"": ""Michael Chang"", ""hospital_name"": ""Mercy General Hospital"", ""admission_date"": ""2026-08-20"", ""claim_amount"": 14977.59, ""diagnosis_code"": ""E11.9""}"
DOC_055,insurance_claim,clean,False,"{""claim_id"": ""CLM-1055"", ""policy_number"": ""POL-176819"", ""patient_name"": ""Priya Patel"", ""hospital_name"": ""Memorial Sloan Care Center"", ""admission_date"": ""2026-05-05"", ""claim_amount"": 14032.26, ""diagnosis_code"": ""E11.9""}"
DOC_056,insurance_claim,clean,False,"{""claim_id"": ""CLM-1056"", ""policy_number"": ""POL-356150"", ""patient_name"": ""Robert T. Harrison"", ""hospital_name"": ""Cedars Sinai Regional Hospital"", ""admission_date"": ""2026-03-15"", ""claim_amount"": 12589.3, ""diagnosis_code"": ""K21.9""}"
DOC_057,insurance_claim,clean,False,"{""claim_id"": ""CLM-1057"", ""policy_number"": ""POL-741390"", ""patient_name"": ""Danielle Dubois"", ""hospital_name"": ""Johns Hopkins Community Hospital"", ""admission_date"": ""2026-01-22"", ""claim_amount"": 12348.01, ""diagnosis_code"": ""K21.9""}"
DOC_058,insurance_claim,clean,False,"{""claim_id"": ""CLM-1058"", ""policy_number"": ""POL-795613"", ""patient_name"": ""Michael Chang"", ""hospital_name"": ""Presbyterian Health Clinic"", ""admission_date"": ""2026-05-04"", ""claim_amount"": 13400.83, ""diagnosis_code"": ""R05""}"
DOC_059,insurance_claim,clean,False,"{""claim_id"": ""CLM-1059"", ""policy_number"": ""POL-262998"", ""patient_name"": ""Jessica Alpert"", ""hospital_name"": ""Cedars Sinai Regional Hospital"", ""admission_date"": ""2026-04-23"", ""claim_amount"": 5471.76, ""diagnosis_code"": ""K21.9""}"
DOC_060,insurance_claim,clean,False,"{""claim_id"": ""CLM-1060"", ""policy_number"": ""POL-629959"", ""patient_name"": ""James O'Connor"", ""hospital_name"": ""Cedars Sinai Regional Hospital"", ""admission_date"": ""2026-01-03"", ""claim_amount"": 9697.12, ""diagnosis_code"": ""K21.9""}"
DOC_061,insurance_claim,clean,False,"{""claim_id"": ""CLM-1061"", ""policy_number"": ""POL-146228"", ""patient_name"": ""Sarah Jenkins"", ""hospital_name"": ""Northwestern Medical Center"", ""admission_date"": ""2026-03-21"", ""claim_amount"": 14707.07, ""diagnosis_code"": ""I10""}"
DOC_062,insurance_claim,degraded,False,"{""claim_id"": ""CLM-1062"", ""policy_number"": ""POL-877236"", ""patient_name"": ""James O'Connor"", ""hospital_name"": ""Johns Hopkins Community Hospital"", ""admission_date"": ""2026-07-18"", ""claim_amount"": 640.21, ""diagnosis_code"": ""E11.9""}"
DOC_063,insurance_claim,degraded,False,"{""claim_id"": ""CLM-1063"", ""policy_number"": ""POL-824586"", ""patient_name"": ""Emily Rodriguez"", ""hospital_name"": ""Johns Hopkins Community Hospital"", ""admission_date"": ""2026-01-27"", ""claim_amount"": 5853.63, ""diagnosis_code"": ""R05""}"
DOC_064,insurance_claim,degraded,False,"{""claim_id"": ""CLM-1064"", ""policy_number"": ""POL-255287"", ""patient_name"": ""Amanda L. Vance"", ""hospital_name"": ""Presbyterian Health Clinic"", ""admission_date"": ""2026-01-10"", ""claim_amount"": 5787.45, ""diagnosis_code"": ""M54.5""}"
DOC_065,insurance_claim,degraded,False,"{""claim_id"": ""CLM-1065"", ""policy_number"": ""POL-475190"", ""patient_name"": ""David K. Miller"", ""hospital_name"": ""Stanford Health Pavilion"", ""admission_date"": ""2026-04-22"", ""claim_amount"": 1990.51, ""diagnosis_code"": ""R05""}"
DOC_066,insurance_claim,degraded,False,"{""claim_id"": ""CLM-1066"", ""policy_number"": ""POL-526117"", ""patient_name"": ""Marcus Thorne"", ""hospital_name"": ""Vanderbilt University Medical"", ""admission_date"": ""2026-03-08"", ""claim_amount"": 13036.78, ""diagnosis_code"": ""I10""}"
DOC_067,insurance_claim,degraded,False,"{""claim_id"": ""CLM-1067"", ""policy_number"": ""POL-532322"", ""patient_name"": ""Sarah Jenkins"", ""hospital_name"": ""Presbyterian Health Clinic"", ""admission_date"": ""2026-06-26"", ""claim_amount"": 13996.83, ""diagnosis_code"": ""J45.909""}"
DOC_068,insurance_claim,degraded,False,"{""claim_id"": ""CLM-1068"", ""policy_number"": ""POL-379766"", ""patient_name"": ""Emily Rodriguez"", ""hospital_name"": ""Vanderbilt University Medical"", ""admission_date"": ""2026-02-13"", ""claim_amount"": 13146.42, ""diagnosis_code"": ""N39.0""}"
DOC_069,insurance_claim,handwritten,False,"{""claim_id"": ""CLM-1069"", ""policy_number"": ""POL-333238"", ""patient_name"": ""David K. Miller"", ""hospital_name"": ""Mayo Regional Care Facility"", ""admission_date"": ""2026-06-10"", ""claim_amount"": 12397.78, ""diagnosis_code"": ""J45.909""}"
DOC_070,insurance_claim,handwritten,False,"{""claim_id"": ""CLM-1070"", ""policy_number"": ""POL-333752"", ""patient_name"": ""Sarah Jenkins"", ""hospital_name"": ""Stanford Health Pavilion"", ""admission_date"": ""2026-04-13"", ""claim_amount"": 5259.8, ""diagnosis_code"": ""E11.9""}"
DOC_071,insurance_claim,handwritten,False,"{""claim_id"": ""CLM-1071"", ""policy_number"": ""POL-910891"", ""patient_name"": ""Jessica Alpert"", ""hospital_name"": ""Northwestern Medical Center"", ""admission_date"": ""2026-07-22"", ""claim_amount"": 14726.67, ""diagnosis_code"": ""R05""}"
DOC_072,insurance_claim,handwritten,False,"{""claim_id"": ""CLM-1072"", ""policy_number"": ""POL-447235"", ""patient_name"": ""Sarah Jenkins"", ""hospital_name"": ""Saint Jude Medical Center"", ""admission_date"": ""2026-05-06"", ""claim_amount"": 8918.55, ""diagnosis_code"": ""K21.9""}"
DOC_073,insurance_claim,unreadable,True,
DOC_074,insurance_claim,unreadable,True,
DOC_075,insurance_claim,unreadable,True,
DOC_076,kyc_identity,clean,False,"{""id_number"": ""PAS-2818692"", ""full_name"": ""Marcus Thorne"", ""dob"": ""1992-06-24"", ""expiry_date"": ""2032-07-20"", ""document_type"": ""passport"", ""nationality"": ""Singapore""}"
DOC_077,kyc_identity,clean,False,"{""id_number"": ""PAS-7462506"", ""full_name"": ""Marcus Thorne"", ""dob"": ""1977-05-02"", ""expiry_date"": ""2033-01-17"", ""document_type"": ""passport"", ""nationality"": ""Singapore""}"
DOC_078,kyc_identity,clean,False,"{""id_number"": ""NAT-7110622"", ""full_name"": ""Amanda L. Vance"", ""dob"": ""1969-11-11"", ""expiry_date"": ""2032-11-28"", ""document_type"": ""national_id"", ""nationality"": ""Canada""}"
DOC_079,kyc_identity,clean,False,"{""id_number"": ""DRI-9508103"", ""full_name"": ""Jessica Alpert"", ""dob"": ""1991-06-13"", ""expiry_date"": ""2031-09-05"", ""document_type"": ""drivers_license"", ""nationality"": ""Germany""}"
DOC_080,kyc_identity,clean,False,"{""id_number"": ""TAX-7361002"", ""full_name"": ""Danielle Dubois"", ""dob"": ""1976-10-19"", ""expiry_date"": ""2031-07-18"", ""document_type"": ""tax_id"", ""nationality"": ""United States""}"
DOC_081,kyc_identity,clean,False,"{""id_number"": ""DRI-5813613"", ""full_name"": ""David K. Miller"", ""dob"": ""1992-10-20"", ""expiry_date"": ""2032-08-15"", ""document_type"": ""drivers_license"", ""nationality"": ""India""}"
DOC_082,kyc_identity,clean,False,"{""id_number"": ""NAT-9576076"", ""full_name"": ""James O'Connor"", ""dob"": ""1975-11-03"", ""expiry_date"": ""2031-09-22"", ""document_type"": ""national_id"", ""nationality"": ""Netherlands""}"
DOC_083,kyc_identity,clean,False,"{""id_number"": ""DRI-2566777"", ""full_name"": ""David K. Miller"", ""dob"": ""1984-04-26"", ""expiry_date"": ""2030-03-01"", ""document_type"": ""drivers_license"", ""nationality"": ""United States""}"
DOC_084,kyc_identity,clean,False,"{""id_number"": ""NAT-8971465"", ""full_name"": ""Marcus Thorne"", ""dob"": ""1969-08-14"", ""expiry_date"": ""2030-12-23"", ""document_type"": ""national_id"", ""nationality"": ""Japan""}"
DOC_085,kyc_identity,clean,False,"{""id_number"": ""TAX-7705062"", ""full_name"": ""David K. Miller"", ""dob"": ""1974-11-23"", ""expiry_date"": ""2027-02-25"", ""document_type"": ""tax_id"", ""nationality"": ""Japan""}"
DOC_086,kyc_identity,clean,False,"{""id_number"": ""NAT-3950888"", ""full_name"": ""Alexander Wright"", ""dob"": ""1998-08-02"", ""expiry_date"": ""2035-04-28"", ""document_type"": ""national_id"", ""nationality"": ""Canada""}"
DOC_087,kyc_identity,clean,False,"{""id_number"": ""TAX-3237058"", ""full_name"": ""James O'Connor"", ""dob"": ""1998-09-20"", ""expiry_date"": ""2032-08-20"", ""document_type"": ""tax_id"", ""nationality"": ""Singapore""}"
DOC_088,kyc_identity,clean,False,"{""id_number"": ""TAX-8481188"", ""full_name"": ""Emily Rodriguez"", ""dob"": ""1995-08-09"", ""expiry_date"": ""2030-11-09"", ""document_type"": ""tax_id"", ""nationality"": ""Singapore""}"
DOC_089,kyc_identity,clean,False,"{""id_number"": ""TAX-5013879"", ""full_name"": ""Jessica Alpert"", ""dob"": ""1993-02-23"", ""expiry_date"": ""2031-04-09"", ""document_type"": ""tax_id"", ""nationality"": ""France""}"
DOC_090,kyc_identity,clean,False,"{""id_number"": ""DRI-2351868"", ""full_name"": ""Emily Rodriguez"", ""dob"": ""1974-04-13"", ""expiry_date"": ""2029-12-07"", ""document_type"": ""drivers_license"", ""nationality"": ""Canada""}"
DOC_091,kyc_identity,degraded,False,"{""id_number"": ""TAX-7838382"", ""full_name"": ""Robert T. Harrison"", ""dob"": ""1999-08-14"", ""expiry_date"": ""2027-04-27"", ""document_type"": ""tax_id"", ""nationality"": ""Japan""}"
DOC_092,kyc_identity,degraded,False,"{""id_number"": ""TAX-1327691"", ""full_name"": ""Marcus Thorne"", ""dob"": ""1989-08-01"", ""expiry_date"": ""2032-05-25"", ""document_type"": ""tax_id"", ""nationality"": ""Japan""}"
DOC_093,kyc_identity,degraded,False,"{""id_number"": ""TAX-4700025"", ""full_name"": ""James O'Connor"", ""dob"": ""1979-05-14"", ""expiry_date"": ""2034-01-13"", ""document_type"": ""tax_id"", ""nationality"": ""France""}"
DOC_094,kyc_identity,degraded,False,"{""id_number"": ""TAX-3768991"", ""full_name"": ""James O'Connor"", ""dob"": ""1973-10-18"", ""expiry_date"": ""2027-07-19"", ""document_type"": ""tax_id"", ""nationality"": ""Netherlands""}"
DOC_095,kyc_identity,degraded,False,"{""id_number"": ""PAS-2408404"", ""full_name"": ""Danielle Dubois"", ""dob"": ""1992-03-28"", ""expiry_date"": ""2034-03-02"", ""document_type"": ""passport"", ""nationality"": ""Australia""}"
DOC_096,kyc_identity,handwritten,False,"{""id_number"": ""TAX-6492066"", ""full_name"": ""David K. Miller"", ""dob"": ""1994-06-11"", ""expiry_date"": ""2033-05-25"", ""document_type"": ""tax_id"", ""nationality"": ""Japan""}"
DOC_097,kyc_identity,handwritten,False,"{""id_number"": ""DRI-2374158"", ""full_name"": ""James O'Connor"", ""dob"": ""1966-12-18"", ""expiry_date"": ""2027-06-08"", ""document_type"": ""drivers_license"", ""nationality"": ""Canada""}"
DOC_098,kyc_identity,unreadable,True,
DOC_099,kyc_identity,unreadable,True,
DOC_100,kyc_identity,unreadable,True,
